Nama_File,Drive_ID,Link_Drive
siswa_1_Pendidikan Kepercayaan Terhadap Tuhan Yang Maha Esa dan Budi Pekerti untuk SD Kelas I.pdf,13L64VeTOwztwz3kLn7ghoQLijE_106fz,https://drive.google.com/file/d/13L64VeTOwztwz3kLn7ghoQLijE_106fz/view?usp=drivesdk
siswa_6_Pendidikan Agama Kristen dan Budi Pekerti untuk SD Kelas VI.pdf,1gcnEN3ID6eCYbk6_FpUpf7Id_q-eebsF,https://drive.google.com/file/d/1gcnEN3ID6eCYbk6_FpUpf7Id_q-eebsF/view?usp=drivesdk
siswa_6_Pendidikan Kepercayaan Terhadap Tuhan Yang Maha Esa dan Budi Pekerti untuk SD Kelas VI.pdf,1VwCy2foNtZOac9F0df4iX6wFvdKyWBJc,https://drive.google.com/file/d/1VwCy2foNtZOac9F0df4iX6wFvdKyWBJc/view?usp=drivesdk
siswa_6_Pendidikan Pancasila untuk SDMI Kelas VI.pdf,1wHaAAv2Ve4zNAnAPBdDx0gFj3zU18-L-,https://drive.google.com/file/d/1wHaAAv2Ve4zNAnAPBdDx0gFj3zU18-L-/view?usp=drivesdk
siswa_6_Pendidikan Agama Katolik dan Budi Pekerti untuk SD Kelas VI.pdf,1pMUrKWbHJBBRpXjR2AOqA0U-ePChDCZ9,https://drive.google.com/file/d/1pMUrKWbHJBBRpXjR2AOqA0U-ePChDCZ9/view?usp=drivesdk
"siswa_6_Pendidikan Jasmani, Olahraga, dan Kesehatan untuk SDMI Kelas VI.pdf",1_IJjTUjMmVQhuzEvEBgeYLRmdEHK0-hX,https://drive.google.com/file/d/1_IJjTUjMmVQhuzEvEBgeYLRmdEHK0-hX/view?usp=drivesdk
siswa_6_Pendidikan Agama Hindu dan Budi Pekerti untuk SD Kelas VI.pdf,1asIAE_uK_8MoBDTy2nRAgrRz0uYs7oYp,https://drive.google.com/file/d/1asIAE_uK_8MoBDTy2nRAgrRz0uYs7oYp/view?usp=drivesdk
siswa_6_Pendidikan Agama Khonghucu dan Budi Pekerti untuk SD Kelas VI.pdf,1LUk6-D0uuYxODO8q1-RxSf7JwsZjO6nA,https://drive.google.com/file/d/1LUk6-D0uuYxODO8q1-RxSf7JwsZjO6nA/view?usp=drivesdk
siswa_6_Pendidikan Agama Buddha dan Budi Pekerti untuk SD Kelas VI.pdf,146E34uEPDpKjTXdhblI10lMsURiv7Jq5,https://drive.google.com/file/d/146E34uEPDpKjTXdhblI10lMsURiv7Jq5/view?usp=drivesdk
siswa_6_Pendidikan Agama Islam dan Budi Pekerti untuk SDMI Kelas VI.pdf,1hgzq9Ol6AQPAraybZ6HQZY647q-3DX9Q,https://drive.google.com/file/d/1hgzq9Ol6AQPAraybZ6HQZY647q-3DX9Q/view?usp=drivesdk
siswa_6_Bahasa Inggris English for Nusantara Kids untuk SDMI Kelas VI.pdf,1ht9CiQmiOccx9UbbOBqjVIOxrn7_RhZD,https://drive.google.com/file/d/1ht9CiQmiOccx9UbbOBqjVIOxrn7_RhZD/view?usp=drivesdk
siswa_6_Ilmu Pengetahuan Alam dan Sosial untuk SDMI Kelas VI (Edisi Revisi).pdf,1VIipap-1BQ2C5iV1GonBrNuU2IAESWdj,https://drive.google.com/file/d/1VIipap-1BQ2C5iV1GonBrNuU2IAESWdj/view?usp=drivesdk
siswa_6_Matematika untuk SDMI Kelas VI.pdf,1pdgPBU_m9dHmpPkVbSfZwicl9vELvIoT,https://drive.google.com/file/d/1pdgPBU_m9dHmpPkVbSfZwicl9vELvIoT/view?usp=drivesdk
"guru_6_Buku Panduan Guru Pendidikan Jasmani, Olahraga, dan Kesehatan untuk SDMI Kelas VI.pdf",1oi0Rzd-XB09Asjg_OYP4QhAOCLddtB-t,https://drive.google.com/file/d/1oi0Rzd-XB09Asjg_OYP4QhAOCLddtB-t/view?usp=drivesdk
siswa_6_Bahasa Indonesia Anak-Anak yang Mengubah Dunia untuk SDMI Kelas VI (Edisi Revisi).pdf,17uHbekP3pePqmT7oXzbGQ8Ltx2co4YLq,https://drive.google.com/file/d/17uHbekP3pePqmT7oXzbGQ8Ltx2co4YLq/view?usp=drivesdk
siswa_5_Pendidikan Agama Islam dan Budi Pekerti untuk SD Kelas V.pdf,1FNDU9wfN7ODUWA0wpGPDtN_D9XgZK1RU,https://drive.google.com/file/d/1FNDU9wfN7ODUWA0wpGPDtN_D9XgZK1RU/view?usp=drivesdk
"siswa_5_Pendidikan Jasmani, Olahraga, dan Kesehatan untuk SDMI Kelas V.pdf",1xiAWpcwY189TxjL3Zoz55_qgaYpGBDEE,https://drive.google.com/file/d/1xiAWpcwY189TxjL3Zoz55_qgaYpGBDEE/view?usp=drivesdk
siswa_5_Pendidikan Pancasila untuk SDMI Kelas V.pdf,1eBSUBM-2LGGCpikwWO7DTpX2ddyy3H9q,https://drive.google.com/file/d/1eBSUBM-2LGGCpikwWO7DTpX2ddyy3H9q/view?usp=drivesdk
siswa_5_Pendidikan Kepercayaan Terhadap Tuhan Yang Maha Esa dan Budi Pekerti untuk SD Kelas V.pdf,1xXEnNBC_qI83UZ62Fjjz1TkxKHWJ6MQE,https://drive.google.com/file/d/1xXEnNBC_qI83UZ62Fjjz1TkxKHWJ6MQE/view?usp=drivesdk
siswa_5_Pendidikan Agama Khonghucu dan Budi Pekerti untuk SD Kelas V.pdf,1TjehHLaetRISctStCIivV0SYC0sWrnVF,https://drive.google.com/file/d/1TjehHLaetRISctStCIivV0SYC0sWrnVF/view?usp=drivesdk
siswa_5_Pendidikan Agama Katolik dan Budi Pekerti untuk SD Kelas V.pdf,1D8dIqSqtPx7gLD6jTBPYJZvJrChyS-PJ,https://drive.google.com/file/d/1D8dIqSqtPx7gLD6jTBPYJZvJrChyS-PJ/view?usp=drivesdk
siswa_5_Koding dan Kecerdasan Artifisial untuk SDMI Kelas V.pdf,1krbigyn1PuPdmXyR0-eKTKOMDwm-_CPM,https://drive.google.com/file/d/1krbigyn1PuPdmXyR0-eKTKOMDwm-_CPM/view?usp=drivesdk
siswa_5_Pendidikan Agama Hindu dan Budi Pekerti untuk SD Kelas V.pdf,1TF6yLfUG7X-LCku4LS3z3OYKw3G_Iwec,https://drive.google.com/file/d/1TF6yLfUG7X-LCku4LS3z3OYKw3G_Iwec/view?usp=drivesdk
siswa_5_Bahasa Inggris English for Nusantara Kids untuk SDMI Kelas V.pdf,1bqIA1Z-p_CNohNTUkgDQ7omHpZBvEvRH,https://drive.google.com/file/d/1bqIA1Z-p_CNohNTUkgDQ7omHpZBvEvRH/view?usp=drivesdk
siswa_5_Pendidikan Agama Buddha dan Budi Pekerti untuk SD Kelas V.pdf,1gfQBvAy6PH2MNbeLf3kUhqCMnBiyP0bD,https://drive.google.com/file/d/1gfQBvAy6PH2MNbeLf3kUhqCMnBiyP0bD/view?usp=drivesdk
siswa_5_Matematika untuk SDMI Kelas V.pdf,11fcI50MLyQlDclIIo1H2PIP7a2MjHPfK,https://drive.google.com/file/d/11fcI50MLyQlDclIIo1H2PIP7a2MjHPfK/view?usp=drivesdk
siswa_3_Pendidikan Kepercayaan Terhadap Tuhan Yang Maha Esa dan Budi Pekerti untuk SD Kelas III.pdf,1nZQxgYDMxmtTOQSvbIelWqnG2-5QZ4az,https://drive.google.com/file/d/1nZQxgYDMxmtTOQSvbIelWqnG2-5QZ4az/view?usp=drivesdk
siswa_5_Ilmu Pengetahuan Alam dan Sosial untuk SDMI Kelas V (Edisi Revisi).pdf,16z_jRrZov2Asj5QHNNNVEpkFuS4SvGlS,https://drive.google.com/file/d/16z_jRrZov2Asj5QHNNNVEpkFuS4SvGlS/view?usp=drivesdk
siswa_4_Pendidikan Pancasila untuk SDMI Kelas IV.pdf,198nW9OnrGB3qbxR9YUpf7UdUZ7tB4lDO,https://drive.google.com/file/d/198nW9OnrGB3qbxR9YUpf7UdUZ7tB4lDO/view?usp=drivesdk
siswa_4_Pendidikan Kepercayaan Terhadap Tuhan Yang Maha Esa dan Budi Pekerti untuk SD Kelas IV.pdf,1P3VgRAWCpZq3DQ5kDNly_gi755ePo6Zq,https://drive.google.com/file/d/1P3VgRAWCpZq3DQ5kDNly_gi755ePo6Zq/view?usp=drivesdk
siswa_4_Pendidikan Agama Khonghucu dan Budi Pekerti untuk SD Kelas IV.pdf,1a4yE0sWAUNvIj04hRrC1H0PotpoCvzmC,https://drive.google.com/file/d/1a4yE0sWAUNvIj04hRrC1H0PotpoCvzmC/view?usp=drivesdk
"siswa_4_Pendidikan Jasmani, Olahraga, dan Kesehatan untuk SDMI Kelas IV.pdf",13E-5u1OmlSthWIhKgu5Qb9qnvrso5toc,https://drive.google.com/file/d/13E-5u1OmlSthWIhKgu5Qb9qnvrso5toc/view?usp=drivesdk
siswa_4_Pendidikan Agama Kristen dan Budi Pekerti untuk SD Kelas IV.pdf,1JR8wRR9CKSljCwNVMbmyJB6WPk5nqZGn,https://drive.google.com/file/d/1JR8wRR9CKSljCwNVMbmyJB6WPk5nqZGn/view?usp=drivesdk
siswa_4_Pendidikan Agama Buddha dan Budi Pekerti untuk SD Kelas IV.pdf,1Db6cXN-yUahQWVIHtWLjt7L5ntufYcvl,https://drive.google.com/file/d/1Db6cXN-yUahQWVIHtWLjt7L5ntufYcvl/view?usp=drivesdk
siswa_4_Pendidikan Agama Islam dan Budi Pekerti untuk SD Kelas IV.pdf,18B1mypBzXDMve4U8jff7Jp9w1H7ZF-wc,https://drive.google.com/file/d/18B1mypBzXDMve4U8jff7Jp9w1H7ZF-wc/view?usp=drivesdk
siswa_4_Pendidikan Agama Hindu dan Budi Pekerti untuk SD Kelas IV.pdf,1v1YoUqF_mKUTpb5zh3r03H4mRozdxZCb,https://drive.google.com/file/d/1v1YoUqF_mKUTpb5zh3r03H4mRozdxZCb/view?usp=drivesdk
siswa_4_Matematika untuk SDMI Kelas IV.pdf,1FC6FfaSzo8D29Uy2g-d6Qpn6NtTgVMWx,https://drive.google.com/file/d/1FC6FfaSzo8D29Uy2g-d6Qpn6NtTgVMWx/view?usp=drivesdk
siswa_4_Bahasa Inggris English for Nusantara Kids untuk SDMI Kelas IV.pdf,1rSAsXNEJUF9MwrmilVctSZonLH4zkEh7,https://drive.google.com/file/d/1rSAsXNEJUF9MwrmilVctSZonLH4zkEh7/view?usp=drivesdk
siswa_4_Ilmu Pengetahuan Alam dan Sosial untuk SDMI Kelas IV (Edisi Revisi).pdf,1Ft2CGA6fQsk96o91EbZtlh0emFlLMtyK,https://drive.google.com/file/d/1Ft2CGA6fQsk96o91EbZtlh0emFlLMtyK/view?usp=drivesdk
guru_4_Buku Panduan Guru Matematika untuk SDMI Kelas IV.pdf,12MRoySq3auupukFPnvxpHsF0F-NNZ0r1,https://drive.google.com/file/d/12MRoySq3auupukFPnvxpHsF0F-NNZ0r1/view?usp=drivesdk
siswa_3_Pendidikan Agama Kristen dan Budi Pekerti untuk SD Kelas III.pdf,1Qhq0N91TNKKkYqey-lPZa0Gx8s38UB7d,https://drive.google.com/file/d/1Qhq0N91TNKKkYqey-lPZa0Gx8s38UB7d/view?usp=drivesdk
siswa_3_Pendidikan Pancasila untuk SDMI Kelas III.pdf,1VpHRA17YyDA3F_x0RYwD8wq09q-i681_,https://drive.google.com/file/d/1VpHRA17YyDA3F_x0RYwD8wq09q-i681_/view?usp=drivesdk
siswa_3_Pendidikan Agama Islam dan Budi Pekerti untuk SDMI Kelas III.pdf,167sCH7AD55eBosP5IdUmpJb6M6LP4lcd,https://drive.google.com/file/d/167sCH7AD55eBosP5IdUmpJb6M6LP4lcd/view?usp=drivesdk
siswa_3_Pendidikan Agama Buddha dan Budi Pekerti untuk SD Kelas III.pdf,1ual_J0eOD6FXvPXqlDddCxdsBvCT9Uh1,https://drive.google.com/file/d/1ual_J0eOD6FXvPXqlDddCxdsBvCT9Uh1/view?usp=drivesdk
siswa_3_Pendidikan Agama Khonghucu dan Budi Pekerti untuk SD Kelas III.pdf,1yJ9FQDnxzYuPJR_CGnzgJ59BXWqjZEo0,https://drive.google.com/file/d/1yJ9FQDnxzYuPJR_CGnzgJ59BXWqjZEo0/view?usp=drivesdk
siswa_3_Pendidikan Agama Katolik dan Budi Pekerti untuk SD Kelas III.pdf,1wqcz5oZNRLRGYrjoZfYHGF3VEWz7Uxmj,https://drive.google.com/file/d/1wqcz5oZNRLRGYrjoZfYHGF3VEWz7Uxmj/view?usp=drivesdk
"guru_3_Buku Panduan Guru Pendidikan Jasmani, Olahraga, dan Kesehatan untuk SDMI Kelas III.pdf",1J33J6-5jaAIvge-HDi4QSc0_HGEmKv7M,https://drive.google.com/file/d/1J33J6-5jaAIvge-HDi4QSc0_HGEmKv7M/view?usp=drivesdk
siswa_3_Pendidikan Agama Hindu dan Budi Pekerti untuk SD Kelas III.pdf,1Oq4SBjxStT4EJePnIezj1fS6M2gXtITP,https://drive.google.com/file/d/1Oq4SBjxStT4EJePnIezj1fS6M2gXtITP/view?usp=drivesdk
guru_3_Panduan Guru Bahasa Indonesia Kawan Seiring untuk SDMI Kelas III (Edisi Revisi).pdf,1x6niMXuGRIp_8KK9g6Ljhi3h8ixlGK7g,https://drive.google.com/file/d/1x6niMXuGRIp_8KK9g6Ljhi3h8ixlGK7g/view?usp=drivesdk
siswa_3_Ilmu Pengetahuan Alam dan Sosial untuk SDMI Kelas III (Edisi Revisi).pdf,1HeKNxo8MplcslWPGv8BERRdZXp8c6Q8i,https://drive.google.com/file/d/1HeKNxo8MplcslWPGv8BERRdZXp8c6Q8i/view?usp=drivesdk
siswa_3_Matematika untuk SDMI Kelas III.pdf,1ZtzvUI_J_ecRAtm0BJppnVoiGxfjh6F4,https://drive.google.com/file/d/1ZtzvUI_J_ecRAtm0BJppnVoiGxfjh6F4/view?usp=drivesdk
siswa_3_Bahasa Inggris English for Nusantara Kids untuk SDMI Kelas III.pdf,1nPSiljioLOh9p7GZJ0g10CvlaHnErpH4,https://drive.google.com/file/d/1nPSiljioLOh9p7GZJ0g10CvlaHnErpH4/view?usp=drivesdk
guru_3_Buku Panduan Guru Matematika untuk SDMI Kelas III.pdf,1TQvs1yGlo7ZAhJIpOGEk2oOGY1ytPc15,https://drive.google.com/file/d/1TQvs1yGlo7ZAhJIpOGEk2oOGY1ytPc15/view?usp=drivesdk
siswa_2_Matematika untuk SDMI Kelas II.pdf,1lBv2EMBsGPpQpdwxd34EVkaTn7u_W4gn,https://drive.google.com/file/d/1lBv2EMBsGPpQpdwxd34EVkaTn7u_W4gn/view?usp=drivesdk
"siswa_2_Pendidikan Jasmani, Olahraga, dan Kesehatan untuk SDMI Kelas II.pdf",1Ou0PqCQ2YmeQl3BuLFZOXcMwsQOKsveE,https://drive.google.com/file/d/1Ou0PqCQ2YmeQl3BuLFZOXcMwsQOKsveE/view?usp=drivesdk
siswa_3_Bahasa Indonesia Kawan Seiring untuk SDMI Kelas III (Edisi Revisi).pdf,1_6dV75uoQMciR-H_Nj5BGpetdgfVooOp,https://drive.google.com/file/d/1_6dV75uoQMciR-H_Nj5BGpetdgfVooOp/view?usp=drivesdk
siswa_2_Pendidikan Pancasila untuk SDMI Kelas II.pdf,1Ra295YfqjWZ9tleKEskq1hTJouMoEdD9,https://drive.google.com/file/d/1Ra295YfqjWZ9tleKEskq1hTJouMoEdD9/view?usp=drivesdk
siswa_2_Pendidikan Kepercayaan Terhadap Tuhan Yang Maha Esa dan Budi Pekerti untuk SD Kelas II.pdf,15iWt0Xv7zSKgGbwxvUkRugRCZYbSzJkR,https://drive.google.com/file/d/15iWt0Xv7zSKgGbwxvUkRugRCZYbSzJkR/view?usp=drivesdk
siswa_2_Pendidikan Agama Kristen dan Budi Pekerti untuk SD Kelas II.pdf,1kl9lCQSOse0cG8t1gBAW3g35LzJf1FYM,https://drive.google.com/file/d/1kl9lCQSOse0cG8t1gBAW3g35LzJf1FYM/view?usp=drivesdk
siswa_2_Pendidikan Agama Katolik dan Budi Pekerti untuk SD Kelas II.pdf,1xGnGG1p2CKFQHMJNxZgnf9WnRndzl0AE,https://drive.google.com/file/d/1xGnGG1p2CKFQHMJNxZgnf9WnRndzl0AE/view?usp=drivesdk
siswa_2_Pendidikan Agama Khonghucu dan Budi Pekerti untuk SD Kelas II.pdf,1eWTU7C3VFo_XUgoP-rEcdbCqAIz9LZDq,https://drive.google.com/file/d/1eWTU7C3VFo_XUgoP-rEcdbCqAIz9LZDq/view?usp=drivesdk
siswa_2_Pendidikan Agama Islam dan Budi Pekerti untuk SD Kelas II.pdf,1tjCyOEt5FMWZO32gL3gOqgRr1y3Pn5YB,https://drive.google.com/file/d/1tjCyOEt5FMWZO32gL3gOqgRr1y3Pn5YB/view?usp=drivesdk
siswa_2_Bahasa Indonesia Keluargaku Unik untuk SDMI Kelas II (Edisi Revisi).pdf,1CZa46xkrFe3Nz7SsT8uR7mSiKxRGD38b,https://drive.google.com/file/d/1CZa46xkrFe3Nz7SsT8uR7mSiKxRGD38b/view?usp=drivesdk
siswa_2_Pendidikan Agama Hindu dan Budi Pekerti untuk SD Kelas II.pdf,1F0E0QsViR4KK7YUrfG2XajfDtL-wdq17,https://drive.google.com/file/d/1F0E0QsViR4KK7YUrfG2XajfDtL-wdq17/view?usp=drivesdk
siswa_2_Pendidikan Agama Buddha dan Budi Pekerti untuk SD Kelas II.pdf,1xgacyZoqZBqANwXTkpqTYGZ5gUrq6Zi4,https://drive.google.com/file/d/1xgacyZoqZBqANwXTkpqTYGZ5gUrq6Zi4/view?usp=drivesdk
"siswa_1_Pendidikan Jasmani, Olahraga, dan Kesehatan untuk SDMI Kelas I.pdf",1xitgdH_V9-GaePcPpvdFhF8mP7-Fv9AD,https://drive.google.com/file/d/1xitgdH_V9-GaePcPpvdFhF8mP7-Fv9AD/view?usp=drivesdk
siswa_1_Pendidikan Pancasila untuk SDMI Kelas I.pdf,1d4PVDdDfgF1xO7xNjyPzYFwyrQ2Xft9j,https://drive.google.com/file/d/1d4PVDdDfgF1xO7xNjyPzYFwyrQ2Xft9j/view?usp=drivesdk
guru_3_Buku Panduan Guru Seni Musik untuk SDMI Kelas III.pdf,1E1tzrPuOWJU-hg1aRn89zLeyPxwSTpVJ,https://drive.google.com/file/d/1E1tzrPuOWJU-hg1aRn89zLeyPxwSTpVJ/view?usp=drivesdk
siswa_1_Pendidikan Agama Hindu dan Budi Pekerti untuk SD Kelas I.pdf,1V6adsFbl4KYchDGosud060_4MqTLN6U3,https://drive.google.com/file/d/1V6adsFbl4KYchDGosud060_4MqTLN6U3/view?usp=drivesdk
siswa_1_Pendidikan Agama Kristen dan Budi Pekerti untuk SD Kelas I.pdf,1QyRpYUiP716dLLei7Xt2WL_SsGl_BdW4,https://drive.google.com/file/d/1QyRpYUiP716dLLei7Xt2WL_SsGl_BdW4/view?usp=drivesdk
siswa_1_Pendidikan Agama Khonghucu dan Budi Pekerti untuk SD Kelas I.pdf,1tcF_y5anL2P_22fPs8imT9bg8rmPY4gV,https://drive.google.com/file/d/1tcF_y5anL2P_22fPs8imT9bg8rmPY4gV/view?usp=drivesdk
siswa_1_Pendidikan Agama Katolik dan Budi Pekerti untuk SD Kelas I.pdf,1V_Cr19HxJPKYONVlw4TvvrW3WNTzRgM6,https://drive.google.com/file/d/1V_Cr19HxJPKYONVlw4TvvrW3WNTzRgM6/view?usp=drivesdk
siswa_1_Matematika untuk SDMI Kelas I.pdf,1KIShtU80uk2RTi2cLDPYZys1MyTrZO8p,https://drive.google.com/file/d/1KIShtU80uk2RTi2cLDPYZys1MyTrZO8p/view?usp=drivesdk
guru_1_Buku Panduan Guru Matematika untuk SDMI Kelas I.pdf,1MmUqN0uardxLkvRyVXCPgqrNDGKp1n5F,https://drive.google.com/file/d/1MmUqN0uardxLkvRyVXCPgqrNDGKp1n5F/view?usp=drivesdk
siswa_1_Pendidikan Agama Buddha dan Budi Pekerti untuk SD Kelas I.pdf,1BHDsK7ezk66TCRG_CKCAsuU6nOUpJqjt,https://drive.google.com/file/d/1BHDsK7ezk66TCRG_CKCAsuU6nOUpJqjt/view?usp=drivesdk
guru_1_Panduan Guru Pendidikan Pancasila untuk SDMI Kelas I.pdf,1o7KqEEWEh3Lzo7aYlI_MkuX5rPYGlBST,https://drive.google.com/file/d/1o7KqEEWEh3Lzo7aYlI_MkuX5rPYGlBST/view?usp=drivesdk
siswa_1_Bahasa Indonesia Aku Bisa! untuk SDMI Kelas I (Edisi Revisi).pdf,1y_Z1NayHn4v2KpQ8TqgcNftdzRprfSLn,https://drive.google.com/file/d/1y_Z1NayHn4v2KpQ8TqgcNftdzRprfSLn/view?usp=drivesdk
guru_1_Buku Panduan Guru Pendidikan Kepercayaan Terhadap Tuhan Yang Maha Esa dan Budi Pekerti untuk SD Kelas I.pdf,1Etxs4yF4XloGlOJK1-bxzDO22jklNWpT,https://drive.google.com/file/d/1Etxs4yF4XloGlOJK1-bxzDO22jklNWpT/view?usp=drivesdk
guru_1_Buku Panduan Guru Pendidikan Agama Islam dan Budi Pekerti untuk SD Kelas I.pdf,1uTP-iNuQjfvFZaQqX8TqcTT05SFl-S2G,https://drive.google.com/file/d/1uTP-iNuQjfvFZaQqX8TqcTT05SFl-S2G/view?usp=drivesdk
guru_6_Buku Panduan Guru Seni Tari untuk SDMI Kelas VI.pdf,1qBiyfvBFJsNfOi-k5z1JYA28sRctjy4I,https://drive.google.com/file/d/1qBiyfvBFJsNfOi-k5z1JYA28sRctjy4I/view?usp=drivesdk
guru_6_Panduan Guru Bahasa Inggris English for Nusantara Kids untuk SDMI Kelas VI.pdf,1HRVTqYTd7aF-f5KH9nlsBkSnQhT1zWLw,https://drive.google.com/file/d/1HRVTqYTd7aF-f5KH9nlsBkSnQhT1zWLw/view?usp=drivesdk
guru_6_Panduan Guru Seni Musik untuk SDMI Kelas VI (Edisi Revisi).pdf,1ycdOm91OwiVf1RoTlzWzuHZYvw1sjW4z,https://drive.google.com/file/d/1ycdOm91OwiVf1RoTlzWzuHZYvw1sjW4z/view?usp=drivesdk
guru_6_Panduan Guru Ilmu Pengetahuan Alam dan Sosial untuk SDMI Kelas VI (Edisi Revisi).pdf,11gpo7AowP7yxD7ZTtf_fUiAf4qxQfvcq,https://drive.google.com/file/d/11gpo7AowP7yxD7ZTtf_fUiAf4qxQfvcq/view?usp=drivesdk
guru_6_Panduan Guru Bahasa Indonesia Anak-Anak yang Mengubah Dunia untuk SDMI Kelas VI.pdf,1-EtUOmhroD80AoHm2AbHM_0BR_4w5hkH,https://drive.google.com/file/d/1-EtUOmhroD80AoHm2AbHM_0BR_4w5hkH/view?usp=drivesdk
guru_6_Buku Panduan Guru Pendidikan Kepercayaan Terhadap Tuhan Yang Maha Esa dan Budi Pekerti untuk SD Kelas VI.pdf,1yYHIwErUooJbPdB6CkHhF4ByZwsefbTS,https://drive.google.com/file/d/1yYHIwErUooJbPdB6CkHhF4ByZwsefbTS/view?usp=drivesdk
guru_6_Buku Panduan Guru Pendidikan Agama Kristen dan Budi Pekerti untuk SD Kelas VI.pdf,1QGSYzPjUL0o9Qrg-AIIf4etHgGZRFlpo,https://drive.google.com/file/d/1QGSYzPjUL0o9Qrg-AIIf4etHgGZRFlpo/view?usp=drivesdk
guru_6_Buku Panduan Guru Pendidikan Agama Katolik dan Budi Pekerti untuk SD Kelas VI.pdf,1YzDd4rj_6VrrYJfvpfK8H_4SLgyFowBg,https://drive.google.com/file/d/1YzDd4rj_6VrrYJfvpfK8H_4SLgyFowBg/view?usp=drivesdk
guru_6_Buku Panduan Guru Pendidikan Agama Islam dan Budi Pekerti untuk SDMI Kelas VI.pdf,12QN-D0K9GZkcaRrSU0ZRuO9maz648tJt,https://drive.google.com/file/d/12QN-D0K9GZkcaRrSU0ZRuO9maz648tJt/view?usp=drivesdk
guru_6_Buku Panduan Guru Matematika untuk SDMI Kelas VI.pdf,1YXdG29UXLrBmFXNGpkcsrE4hUTHfXDld,https://drive.google.com/file/d/1YXdG29UXLrBmFXNGpkcsrE4hUTHfXDld/view?usp=drivesdk
guru_5_Panduan Guru Seni Tari untuk SDMI Kelas V (Edisi Revisi).pdf,19dwoeXF9QG09EPXvcEMwPadOLG4POUGi,https://drive.google.com/file/d/19dwoeXF9QG09EPXvcEMwPadOLG4POUGi/view?usp=drivesdk
guru_6_Buku Panduan Guru Pendidikan Agama Buddha dan Budi Pekerti untuk SD Kelas VI.pdf,1l3vrKALy8Ns72ksKiqRXjmSp1y-bLgGi,https://drive.google.com/file/d/1l3vrKALy8Ns72ksKiqRXjmSp1y-bLgGi/view?usp=drivesdk
guru_5_Panduan Guru Seni Teater untuk SDMI Kelas V (Edisi Revisi).pdf,1z43wmqH0flMQClfTBFhIRnVWuX-GoTC8,https://drive.google.com/file/d/1z43wmqH0flMQClfTBFhIRnVWuX-GoTC8/view?usp=drivesdk
guru_5_Buku Panduan Guru Pendidikan Agama Katolik dan Budi Pekerti untuk SD Kelas V.pdf,1U8Lz9TDK1R0LXOcoweIWrgvASIOmf8O_,https://drive.google.com/file/d/1U8Lz9TDK1R0LXOcoweIWrgvASIOmf8O_/view?usp=drivesdk
guru_5_Panduan Guru Seni Musik untuk SDMI Kelas V (Edisi Revisi).pdf,1huABpvtkB6l6djsDRrpZ846cPYP3Y3IC,https://drive.google.com/file/d/1huABpvtkB6l6djsDRrpZ846cPYP3Y3IC/view?usp=drivesdk
guru_5_Panduan Guru Seni Rupa untuk SDMI Kelas V (Edisi Revisi).pdf,1rTh08p2ObnfyT23vehO8RnGTbyQ1us8N,https://drive.google.com/file/d/1rTh08p2ObnfyT23vehO8RnGTbyQ1us8N/view?usp=drivesdk
"guru_5_Panduan Guru Pendidikan Jasmani, Olahraga, dan Kesehatan untuk SDMI Kelas V.pdf",1Vw5az63MAs2BYXeeg0lHu9-zGUHvredf,https://drive.google.com/file/d/1Vw5az63MAs2BYXeeg0lHu9-zGUHvredf/view?usp=drivesdk
guru_5_Panduan Guru Pendidikan Pancasila untuk SDMI Kelas V.pdf,1A377q6XX9lNoh7I2c6ATqEcDoQjZedLT,https://drive.google.com/file/d/1A377q6XX9lNoh7I2c6ATqEcDoQjZedLT/view?usp=drivesdk
guru_5_Panduan Guru Koding dan Kecerdasan Artifisial untuk SDMI Kelas V.pdf,1bSDbqy-j7hM1JtxQ0uHjq-h3uAMFZF3I,https://drive.google.com/file/d/1bSDbqy-j7hM1JtxQ0uHjq-h3uAMFZF3I/view?usp=drivesdk
guru_5_Panduan Guru Ilmu Pengetahuan Alam dan Sosial untuk SDMI Kelas V (Edisi Revisi).pdf,1j5cyfK1Gfbn7OPdZ5WQFOEeu-bPemQtP,https://drive.google.com/file/d/1j5cyfK1Gfbn7OPdZ5WQFOEeu-bPemQtP/view?usp=drivesdk
guru_5_Buku Panduan Guru Pendidikan Kepercayaan Terhadap Tuhan Yang Maha Esa dan Budi Pekerti untuk SD Kelas V.pdf,1GHwvaxmSjjmqc_LQ4AYNeU_yLBs3TIyy,https://drive.google.com/file/d/1GHwvaxmSjjmqc_LQ4AYNeU_yLBs3TIyy/view?usp=drivesdk
guru_5_Panduan Guru Bahasa Inggris English for Nusantara Kids untuk SDMI Kelas V.pdf,1xk7DscLnpUzILHN7Y59Ur1pzY8BxU-m5,https://drive.google.com/file/d/1xk7DscLnpUzILHN7Y59Ur1pzY8BxU-m5/view?usp=drivesdk
guru_5_Buku Panduan Guru Pendidikan Agama Khonghucu dan Budi Pekerti untuk SD Kelas V.pdf,1v2bOZfHFJb9Akpw5XTNeTi5w26V9nCL0,https://drive.google.com/file/d/1v2bOZfHFJb9Akpw5XTNeTi5w26V9nCL0/view?usp=drivesdk
guru_5_Buku Panduan Guru Pendidikan Agama Hindu dan Budi Pekerti untuk SD Kelas V.pdf,1wNkp8CXNMVwl9WRqkcarwl1k5HyDc9QO,https://drive.google.com/file/d/1wNkp8CXNMVwl9WRqkcarwl1k5HyDc9QO/view?usp=drivesdk
guru_5_Buku Panduan Guru Pendidikan Agama Buddha dan Budi Pekerti untuk SD Kelas V.pdf,1_kW7cUK-KAFCmVV-V7n_gVh03cgfZww6,https://drive.google.com/file/d/1_kW7cUK-KAFCmVV-V7n_gVh03cgfZww6/view?usp=drivesdk
guru_5_Buku Panduan Guru Matematika untuk SDMI Kelas V.pdf,1Z7GxYezl3i42oj4sb6r1zgf73s6WCOxC,https://drive.google.com/file/d/1Z7GxYezl3i42oj4sb6r1zgf73s6WCOxC/view?usp=drivesdk
guru_4_Panduan Guru Seni Teater untuk SDMI Kelas IV (Edisi Revisi).pdf,1F0EN7m5VyXHSzc3-ZMcivLvlvXEmNgUK,https://drive.google.com/file/d/1F0EN7m5VyXHSzc3-ZMcivLvlvXEmNgUK/view?usp=drivesdk
guru_4_Panduan Guru Bahasa Inggris English for Nusantara Kids untuk SDMI Kelas IV.pdf,1nI4k5kyVqrIWMIZVbyM-zpQ7AV6a4W21,https://drive.google.com/file/d/1nI4k5kyVqrIWMIZVbyM-zpQ7AV6a4W21/view?usp=drivesdk
guru_4_Panduan Guru Seni Tari untuk SDMI Kelas IV (Edisi Revisi).pdf,1hIHJo-7gBY9iGWTR_t5ioXT9AXPUbP_X,https://drive.google.com/file/d/1hIHJo-7gBY9iGWTR_t5ioXT9AXPUbP_X/view?usp=drivesdk
guru_4_Panduan Guru Seni Rupa untuk SDMI Kelas IV (Edisi Revisi).pdf,1Zbm5fvhesCJxHlvgVyDUtvKON5dDVNAX,https://drive.google.com/file/d/1Zbm5fvhesCJxHlvgVyDUtvKON5dDVNAX/view?usp=drivesdk
guru_4_Panduan Guru Seni Musik untuk SDMI Kelas IV (Edisi Revisi).pdf,1BLQOWQZDM5fg56E6nZcAFwUk9tlSliy0,https://drive.google.com/file/d/1BLQOWQZDM5fg56E6nZcAFwUk9tlSliy0/view?usp=drivesdk
guru_4_Panduan Guru Pendidikan Pancasila untuk SDMI Kelas IV.pdf,16yMWnRevpbFVx3OMH-EcikZW_5ENUjmW,https://drive.google.com/file/d/16yMWnRevpbFVx3OMH-EcikZW_5ENUjmW/view?usp=drivesdk
"guru_4_Panduan Guru Pendidikan Jasmani, Olahraga, dan Kesehatan untuk SDMI Kelas IV.pdf",16dKSHfl4Xa8IHufLdIQq0bw49oxtsFXR,https://drive.google.com/file/d/16dKSHfl4Xa8IHufLdIQq0bw49oxtsFXR/view?usp=drivesdk
guru_4_Panduan Guru Ilmu Pengetahuan Alam dan Sosial untuk SDMI Kelas IV (Edisi Revisi).pdf,14uI3B0xW7MFt2tLoiqvOxuLUrJIs_ztX,https://drive.google.com/file/d/14uI3B0xW7MFt2tLoiqvOxuLUrJIs_ztX/view?usp=drivesdk
guru_4_Buku Panduan Guru Pendidikan Kepercayaan Terhadap Tuhan Yang Maha Esa dan Budi Pekerti untuk SD Kelas IV.pdf,1IIEvc9hMEreoRI-XCZYZe0qxKiKZqqI9,https://drive.google.com/file/d/1IIEvc9hMEreoRI-XCZYZe0qxKiKZqqI9/view?usp=drivesdk
guru_4_Buku Panduan Guru Pendidikan Agama Kristen dan Budi Pekerti untuk SD Kelas IV.pdf,1lTcQdVmPBGNcmix9bG3lSy8dp2bdAxEJ,https://drive.google.com/file/d/1lTcQdVmPBGNcmix9bG3lSy8dp2bdAxEJ/view?usp=drivesdk
guru_4_Buku Panduan Guru Pendidikan Agama Khonghucu dan Budi Pekerti untuk SD Kelas IV.pdf,1Mbu3a-W_6fn2vaCWgSYXXPkM46h6r6J_,https://drive.google.com/file/d/1Mbu3a-W_6fn2vaCWgSYXXPkM46h6r6J_/view?usp=drivesdk
guru_4_Buku Panduan Guru Pendidikan Agama Katolik dan Budi Pekerti untuk SD Kelas IV.pdf,1ytW7a_H8J-4dg42WvegDpIBOy0wRKCzV,https://drive.google.com/file/d/1ytW7a_H8J-4dg42WvegDpIBOy0wRKCzV/view?usp=drivesdk
guru_4_Buku Panduan Guru Pendidikan Agama Islam dan Budi Pekerti untuk SD Kelas IV.pdf,1uIshwJr3yatiBHVShvCL_82IUjFOkmav,https://drive.google.com/file/d/1uIshwJr3yatiBHVShvCL_82IUjFOkmav/view?usp=drivesdk
guru_4_Buku Panduan Guru Pendidikan Agama Hindu dan Budi Pekerti untuk SD Kelas IV.pdf,1t0QOfJ38oYTWQiqedbMpHdQyMPLk_VlB,https://drive.google.com/file/d/1t0QOfJ38oYTWQiqedbMpHdQyMPLk_VlB/view?usp=drivesdk
guru_4_Buku Panduan Guru Pendidikan Agama Buddha dan Budi Pekerti untuk SD Kelas IV.pdf,14x1U3yMEYb-yOLm8d-1a0XDu20An1J-I,https://drive.google.com/file/d/14x1U3yMEYb-yOLm8d-1a0XDu20An1J-I/view?usp=drivesdk
guru_3_Panduan Guru Pendidikan Pancasila untuk SDMI Kelas III.pdf,1tVDytCwJeyOvt3IttLETXXLgcyOZXQbf,https://drive.google.com/file/d/1tVDytCwJeyOvt3IttLETXXLgcyOZXQbf/view?usp=drivesdk
guru_3_Panduan Guru Ilmu Pengetahuan Alam dan Sosial untuk SDMI Kelas III (Edisi Revisi).pdf,1LVSAg6qK7g8uoX94hK5xVKpzxDrsRsqa,https://drive.google.com/file/d/1LVSAg6qK7g8uoX94hK5xVKpzxDrsRsqa/view?usp=drivesdk
guru_3_Panduan Guru Bahasa Inggris English for Nusantara Kids untuk SDMI Kelas III.pdf,1NJntogsiPp5CH3QlEVSkUCQEfsUUY7Ii,https://drive.google.com/file/d/1NJntogsiPp5CH3QlEVSkUCQEfsUUY7Ii/view?usp=drivesdk
guru_3_Buku Panduan Guru Pendidikan Agama Hindu dan Budi Pekerti untuk SD Kelas III.pdf,1ffkTvKLYp9WxzKGyLbVxSOaCZOLbSGXn,https://drive.google.com/file/d/1ffkTvKLYp9WxzKGyLbVxSOaCZOLbSGXn/view?usp=drivesdk
guru_3_Buku Panduan Guru Pendidikan Agama Khonghucu dan Budi Pekerti untuk SD Kelas III.pdf,1c-bPd7T2sfcB4wAHr7YZUMq-dG6j5KuE,https://drive.google.com/file/d/1c-bPd7T2sfcB4wAHr7YZUMq-dG6j5KuE/view?usp=drivesdk
guru_3_Buku Panduan Guru Pendidikan Agama Kristen dan Budi Pekerti untuk SD Kelas III.pdf,1kbH1lvzI54WHHwRL_KJChQTe5lTP-nMo,https://drive.google.com/file/d/1kbH1lvzI54WHHwRL_KJChQTe5lTP-nMo/view?usp=drivesdk
guru_3_Buku Panduan Guru Pendidikan Kepercayaan Terhadap Tuhan Yang Maha Esa dan Budi Pekerti untuk SD Kelas III.pdf,1c2ivqTTArzu59FHLB_TWJ43jB_O7I72l,https://drive.google.com/file/d/1c2ivqTTArzu59FHLB_TWJ43jB_O7I72l/view?usp=drivesdk
guru_3_Buku Panduan Guru Pendidikan Agama Katolik dan Budi Pekerti untuk SD Kelas III.pdf,1JQHaExeAuwooiWeIhJEw5wi9TaX5OxXW,https://drive.google.com/file/d/1JQHaExeAuwooiWeIhJEw5wi9TaX5OxXW/view?usp=drivesdk
guru_2_Buku Panduan Guru Matematika untuk SDMI Kelas II.pdf,1CmSrV97ijCkq-WIfZBkGsPHfKNVodJ46,https://drive.google.com/file/d/1CmSrV97ijCkq-WIfZBkGsPHfKNVodJ46/view?usp=drivesdk
guru_3_Buku Panduan Guru Pendidikan Agama Islam dan Budi Pekerti untuk SDMI Kelas III.pdf,1PaPMx_ww17ye49dg1NnFmQsj6Sw7PUcv,https://drive.google.com/file/d/1PaPMx_ww17ye49dg1NnFmQsj6Sw7PUcv/view?usp=drivesdk
guru_2_Panduan Guru Seni Teater untuk SDMI Kelas II (Edisi Revisi).pdf,1Qjf1tlsy164nkoT1C_o_j1U7l_R1UoSY,https://drive.google.com/file/d/1Qjf1tlsy164nkoT1C_o_j1U7l_R1UoSY/view?usp=drivesdk
guru_2_Panduan Guru Seni Tari untuk SDMI Kelas II (Edisi Revisi).pdf,1t9__O2-5fOzc9qyuVe7tQE5Ya3DAuL3v,https://drive.google.com/file/d/1t9__O2-5fOzc9qyuVe7tQE5Ya3DAuL3v/view?usp=drivesdk
guru_2_Panduan Guru Seni Rupa untuk SDMI Kelas II (Edisi Revisi).pdf,19wVUeGdtphbl1dWx_4qkO4M_X547967E,https://drive.google.com/file/d/19wVUeGdtphbl1dWx_4qkO4M_X547967E/view?usp=drivesdk
"guru_2_Panduan Guru Pendidikan Jasmani, Olahraga, dan Kesehatan untuk SDMI Kelas II.pdf",1TIrcOmhy11XIwmGDkZIJf6KwDJUwOF77,https://drive.google.com/file/d/1TIrcOmhy11XIwmGDkZIJf6KwDJUwOF77/view?usp=drivesdk
guru_2_Panduan Guru Seni Musik untuk SDMI Kelas II (Edisi Revisi).pdf,1KviVl7FwJIUjcPUs1wQH-t-YYerNAK2D,https://drive.google.com/file/d/1KviVl7FwJIUjcPUs1wQH-t-YYerNAK2D/view?usp=drivesdk
guru_2_Panduan Guru Pendidikan Pancasila untuk SDMI Kelas II.pdf,1sI7wQqSFnsG4jlzGANAgAkGF43wxG5a3,https://drive.google.com/file/d/1sI7wQqSFnsG4jlzGANAgAkGF43wxG5a3/view?usp=drivesdk
guru_1_Panduan Guru Seni Rupa untuk SDMI Kelas I (Edisi Revisi).pdf,1InBnC_bF0XgMNWA7w0y9KVOQGzrDJxb0,https://drive.google.com/file/d/1InBnC_bF0XgMNWA7w0y9KVOQGzrDJxb0/view?usp=drivesdk
guru_2_Panduan Guru Bahasa Indonesia Keluargaku Unik untuk SDMI Kelas II (Edisi Revisi).pdf,1tBMgs_7R6NksvY6xHmdYBHgGlD2nKex5,https://drive.google.com/file/d/1tBMgs_7R6NksvY6xHmdYBHgGlD2nKex5/view?usp=drivesdk
guru_2_Buku Panduan Guru Pendidikan Kepercayaan Terhadap Tuhan Yang Maha Esa dan Budi Pekerti untuk SD Kelas II.pdf,1OeXuvdPPHclDxxuGmAeY63phmXu9XT52,https://drive.google.com/file/d/1OeXuvdPPHclDxxuGmAeY63phmXu9XT52/view?usp=drivesdk
guru_2_Buku Panduan Guru Pendidikan Agama Khonghucu dan Budi Pekerti untuk SD Kelas II.pdf,1zhrqo0HfmsJm-RvNNEZz1an6UUkSciEH,https://drive.google.com/file/d/1zhrqo0HfmsJm-RvNNEZz1an6UUkSciEH/view?usp=drivesdk
guru_2_Buku Panduan Guru Pendidikan Agama Islam dan Budi Pekerti untuk SD Kelas II.pdf,1stq99Ckv5VdfHbEcBWUTGYDY6eTcvxUU,https://drive.google.com/file/d/1stq99Ckv5VdfHbEcBWUTGYDY6eTcvxUU/view?usp=drivesdk
guru_2_Buku Panduan Guru Pendidikan Agama Katolik dan Budi Pekerti untuk SD Kelas II.pdf,1JBSk_680FpN9zPVE3biFCvBQUbp__UTL,https://drive.google.com/file/d/1JBSk_680FpN9zPVE3biFCvBQUbp__UTL/view?usp=drivesdk
"guru_1_Panduan Guru Pendidikan Jasmani, Olahraga, dan Kesehatan untuk SDMI Kelas I.pdf",1vUV8GELuED5B0naYrfEbgrGE-NC_ZN-C,https://drive.google.com/file/d/1vUV8GELuED5B0naYrfEbgrGE-NC_ZN-C/view?usp=drivesdk
guru_2_Buku Panduan Guru Pendidikan Agama Hindu dan Budi Pekerti untuk SD Kelas II.pdf,1Xl5OU8dhXvbsK5B1D_0pgoOBdKTKGEfm,https://drive.google.com/file/d/1Xl5OU8dhXvbsK5B1D_0pgoOBdKTKGEfm/view?usp=drivesdk
guru_2_Buku Panduan Guru Pendidikan Agama Buddha dan Budi Pekerti untuk SD Kelas II.pdf,1iW5qJpGc7zyv1ef45BSXir4o9tsVmO96,https://drive.google.com/file/d/1iW5qJpGc7zyv1ef45BSXir4o9tsVmO96/view?usp=drivesdk
guru_1_Panduan Guru Seni Teater untuk SDMI Kelas I (Edisi Revisi).pdf,1HhRsQG-DXr5fknZMCgvRTl4rTQmQVwK5,https://drive.google.com/file/d/1HhRsQG-DXr5fknZMCgvRTl4rTQmQVwK5/view?usp=drivesdk
guru_1_Panduan Guru Seni Tari untuk SDMI Kelas I (Edisi Revisi).pdf,1aSi6LXY4ISy_1j32Uh7iHM26xPcR7yYO,https://drive.google.com/file/d/1aSi6LXY4ISy_1j32Uh7iHM26xPcR7yYO/view?usp=drivesdk
guru_1_Panduan Guru Bahasa Indonesia Aku Bisa! untuk SDMI Kelas I (Edisi Revisi).pdf,1Ui6O27zge2ZGEdwsLIuEGvrg8okuD4iX,https://drive.google.com/file/d/1Ui6O27zge2ZGEdwsLIuEGvrg8okuD4iX/view?usp=drivesdk
guru_1_Buku Panduan Guru Pendidikan Agama Kristen dan Budi Pekerti untuk SD Kelas I.pdf,1QovDhzQznbIRPN6mSUjVgGi76PjqK4jj,https://drive.google.com/file/d/1QovDhzQznbIRPN6mSUjVgGi76PjqK4jj/view?usp=drivesdk
guru_1_Panduan Guru Seni Musik untuk SDMI Kelas I (Edisi Revisi).pdf,1bIeBSEC1dLBJJX-kRs2UGjD5r5i7ED3t,https://drive.google.com/file/d/1bIeBSEC1dLBJJX-kRs2UGjD5r5i7ED3t/view?usp=drivesdk
guru_1_Buku Panduan Guru Pendidikan Agama Buddha dan Budi Pekerti untuk SD Kelas I.pdf,1Fka70RRhx7P-N3Tk6Bfp0ZK5ALg0BjC_,https://drive.google.com/file/d/1Fka70RRhx7P-N3Tk6Bfp0ZK5ALg0BjC_/view?usp=drivesdk
guru_1_Buku Panduan Guru Pendidikan Agama Konghucu dan Budi Pekerti untuk SD Kelas I.pdf,1BSfJ3QOV06d0oqFhnTE5j0petNENc1-v,https://drive.google.com/file/d/1BSfJ3QOV06d0oqFhnTE5j0petNENc1-v/view?usp=drivesdk
guru_1_Buku Panduan Guru Pendidikan Agama Hindu dan Budi Pekerti untuk SD Kelas I.pdf,1MzKTJChiVAVDJb5gsyM_xrdRD-Cc1qWu,https://drive.google.com/file/d/1MzKTJChiVAVDJb5gsyM_xrdRD-Cc1qWu/view?usp=drivesdk
guru_1_Buku Panduan Guru Pendidikan Agama Katolik dan Budi Pekerti untuk SD Kelas I.pdf,1ZWXzx6qo0JkXqpVqRKNCgbrI1xKL7G9M,https://drive.google.com/file/d/1ZWXzx6qo0JkXqpVqRKNCgbrI1xKL7G9M/view?usp=drivesdk
siswa_4_Bahasa Indonesia Lihat Sekitar untuk SDMI Kelas IV (Edisi Revisi).pdf,1IDv7Ot0m8q39B0F6DnM7n6FGiHMHD_GW,https://drive.google.com/file/d/1IDv7Ot0m8q39B0F6DnM7n6FGiHMHD_GW/view?usp=drivesdk
"siswa_3_Pendidikan Jasmani, Olahraga, dan Kesehatan untuk SDMI Kelas III.pdf",1E15NQPiK7p05kzKg2eeo1tykC-vG6R7-,https://drive.google.com/file/d/1E15NQPiK7p05kzKg2eeo1tykC-vG6R7-/view?usp=drivesdk
guru_6_Panduan Guru Seni Teater untuk SDMI Kelas VI (Edisi Revisi).pdf,15mAIpmcYysRyXrfJVK4L06AXdYjJLuh4,https://drive.google.com/file/d/15mAIpmcYysRyXrfJVK4L06AXdYjJLuh4/view?usp=drivesdk
guru_3_Panduan Guru Seni Teater untuk SDMI Kelas III (Edisi Revisi).pdf,1y0BXb84QFU2QQnZhe0II270lCEivltof,https://drive.google.com/file/d/1y0BXb84QFU2QQnZhe0II270lCEivltof/view?usp=drivesdk
guru_3_Panduan Guru Seni Rupa untuk SDMI Kelas III (Edisi Revisi).pdf,1Vl3p-xbVSjtiSiH_-YpnnuoA-AsRJBzi,https://drive.google.com/file/d/1Vl3p-xbVSjtiSiH_-YpnnuoA-AsRJBzi/view?usp=drivesdk
guru_6_Panduan Guru Seni Rupa untuk SDMI Kelas VI (Edisi Revisi).pdf,1cARYmsrSqZFZpVEYBcG6HBmMI3Io6X2C,https://drive.google.com/file/d/1cARYmsrSqZFZpVEYBcG6HBmMI3Io6X2C/view?usp=drivesdk
guru_5_Panduan Guru Bahasa Indonesia Bergerak Bersama untuk SDMI Kelas V (Edisi Revisi).pdf,1QYM2jRz8crmn5_vqVf_zDdXYA6_pva9x,https://drive.google.com/file/d/1QYM2jRz8crmn5_vqVf_zDdXYA6_pva9x/view?usp=drivesdk
siswa_5_Bahasa Indonesia Bergerak Bersama untuk SDMI Kelas V (Edisi Revisi).pdf,1WdHgC_npr_M2O5bRPmNCcGA-WVvjrgwF,https://drive.google.com/file/d/1WdHgC_npr_M2O5bRPmNCcGA-WVvjrgwF/view?usp=drivesdk
guru_6_Panduan Guru Pendidikan Pancasila untuk SDMI Kelas VI.pdf,1-GqU33P2dUts2HTYTwHpYg9zrEj9tEsv,https://drive.google.com/file/d/1-GqU33P2dUts2HTYTwHpYg9zrEj9tEsv/view?usp=drivesdk
guru_6_Buku Panduan Guru Pendidikan Agama Khonghucu dan Budi Pekerti untuk SD Kelas VI.pdf,1t4iizT2aclbB9mbYXxdHMHmLjHoCMqcz,https://drive.google.com/file/d/1t4iizT2aclbB9mbYXxdHMHmLjHoCMqcz/view?usp=drivesdk
guru_6_Buku Panduan Guru Pendidikan Agama Hindu dan Budi Pekerti untuk SD Kelas VI.pdf,1bMPXfNhVRU8or_7NNbs3BGfbTgKylkT_,https://drive.google.com/file/d/1bMPXfNhVRU8or_7NNbs3BGfbTgKylkT_/view?usp=drivesdk
guru_3_Buku Panduan Guru Seni Tari untuk SDMI Kelas III.pdf,1flQiPOWDQMEjC67R1rtCa2fAD4f8IOQq,https://drive.google.com/file/d/1flQiPOWDQMEjC67R1rtCa2fAD4f8IOQq/view?usp=drivesdk
guru_3_Buku Panduan Guru Pendidikan Agama Buddha dan Budi Pekerti untuk SD Kelas III.pdf,1RfIxPvY_C0XinwSCg9QWPM5vOM8196sl,https://drive.google.com/file/d/1RfIxPvY_C0XinwSCg9QWPM5vOM8196sl/view?usp=drivesdk
siswa_5_Pendidikan Agama Kristen dan Budi Pekerti untuk SD Kelas V.pdf,1-J0d6pEwHqf5O_eexcuvF-gyRQjxh1Cr,https://drive.google.com/file/d/1-J0d6pEwHqf5O_eexcuvF-gyRQjxh1Cr/view?usp=drivesdk
guru_5_Buku Panduan Guru Pendidikan Agama Kristen dan Budi Pekerti untuk SD Kelas V.pdf,11vDWdwHUuC2bJ2Ou9fALN0RmzMRgeF-7,https://drive.google.com/file/d/11vDWdwHUuC2bJ2Ou9fALN0RmzMRgeF-7/view?usp=drivesdk
guru_2_Buku Panduan Guru Pendidikan Agama Kristen dan Budi Pekerti untuk SD Kelas II.pdf,1j_qHiJrtc2sFSqOm9NQMXf1kOZsZegX5,https://drive.google.com/file/d/1j_qHiJrtc2sFSqOm9NQMXf1kOZsZegX5/view?usp=drivesdk
guru_5_Buku Panduan Guru Pendidikan Agama Islam dan Budi Pekerti untuk SD Kelas V.pdf,1hTFnryW-1MudvcR2OIvuBgWkLD0W70U2,https://drive.google.com/file/d/1hTFnryW-1MudvcR2OIvuBgWkLD0W70U2/view?usp=drivesdk
siswa_4_Pendidikan Agama Katolik dan Budi Pekerti untuk SD Kelas IV.pdf,1O-n_4MN4MkEJlHy0UoSk5oBOg5KXE-Px,https://drive.google.com/file/d/1O-n_4MN4MkEJlHy0UoSk5oBOg5KXE-Px/view?usp=drivesdk
siswa_1_Pendidikan Agama Islam dan Budi Pekerti untuk SD Kelas I.pdf,1SHQ8EmvLdqEUKaOYYtUUJkPHGTEiwzy4,https://drive.google.com/file/d/1SHQ8EmvLdqEUKaOYYtUUJkPHGTEiwzy4/view?usp=drivesdk
guru_4_Panduan Guru Bahasa Indonesia Lihat Sekitar untuk SDMI Kelas IV (Edisi Revisi).pdf,177gVy3wICqoiHF26dxs5qDIfhVEXDqZI,https://drive.google.com/file/d/177gVy3wICqoiHF26dxs5qDIfhVEXDqZI/view?usp=drivesdk